"AESS en langues, lettres et traductologie",https://hplanning2016.umons.ac.be/Telechargements/ical/EdT_AESS_en_langues__lettres_et_traductologie.ics?version=14.0.2.5&idICal=56E7DBEC0EAA8AF63AFB9FC15B2FDACF&param=643d5b312e2e36325d2666683d3126663d3131303030
AESS en sciences biologiques,https://hplanning2016.umons.ac.be/Telechargements/ical/EdT_AESS_en_sciences_biologiques.ics?version=14.0.2.5&idICal=774A2F6AB7EA76F8B344BB97A02459F7&param=643d5b312e2e36325d2666683d3126663d3131303030
AESS en sciences chimiques,https://hplanning2016.umons.ac.be/Telechargements/ical/EdT_AESS_en_sciences_chimiques.ics?version=14.0.2.5&idICal=40CD038723AD542143BC7EC491EC971E&param=643d5b312e2e36325d2666683d3126663d3131303030
AESS en sciences de gestion,https://hplanning2016.umons.ac.be/Telechargements/ical/EdT_AESS_en_sciences_de_gestion.ics?version=14.0.2.5&idICal=535FBA59E7746275BF5C20DE74843EA3&param=643d5b312e2e36325d2666683d3126663d3131303030
AESS en sciences mathématiques,https://hplanning2016.umons.ac.be/Telechargements/ical/EdT_AESS_en_sciences_mathematiques.ics?version=14.0.2.5&idICal=6E1FA220D109A8A47E8EC88BDBFE8ED5&param=643d5b312e2e36325d2666683d3126663d3131303030
AESS en sciences physiques,https://hplanning2016.umons.ac.be/Telechargements/ical/EdT_AESS_en_sciences_physiques.ics?version=14.0.2.5&idICal=69742E030A69F6B078E790460A7FFC3B&param=643d5b312e2e36325d2666683d3126663d3131303030
AESS en sciences politiques et sociales,https://hplanning2016.umons.ac.be/Telechargements/ical/EdT_AESS_en_sciences_politiques_et_sociales.ics?version=14.0.2.5&idICal=75C6774F295CB80E5D65AAC6976CF95F&param=643d5b312e2e36325d2666683d3126663d3131303030
AESS en sciences psychologique et de l'éduca,https://hplanning2016.umons.ac.be/Telechargements/ical/EdT_AESS_en_sciences_psychologique_et_de_l_educa.ics?version=14.0.2.5&idICal=EAEA35B243A5B8719EC1C3441D05AC44&param=643d5b312e2e36325d2666683d3126663d3131303030
BAB1 en architecture,https://hplanning2016.umons.ac.be/Telechargements/ical/EdT_BAB1_en_architecture.ics?version=14.0.2.5&idICal=12ABD36D7F3E8C894AD0BD316DAFCB1F&param=643d5b312e2e36325d2666683d3126663d3131303030
BAB1 en droit,https://hplanning2016.umons.ac.be/Telechargements/ical/EdT_BAB1_en_droit.ics?version=14.0.2.5&idICal=A977ECA293D60E01A98F41937A863718&param=643d5b312e2e36325d2666683d3126663d3131303030
BAB1 en médecine,https://hplanning2016.umons.ac.be/Telechargements/ical/EdT_BAB1_en_medecine.ics?version=14.0.2.5&idICal=AEBEAA92DF36871D38D80014F523F1DD&param=643d5b312e2e36325d2666683d3126663d3131303030
BAB1 en médecine (allégement),https://hplanning2016.umons.ac.be/Telechargements/ical/EdT_BAB1_en_medecine__allegement_.ics?version=14.0.2.5&idICal=375C9142638D26BE4FAB0F462F222A13&param=643d5b312e2e36325d2666683d3126663d3131303030
"BAB1 en Sc gest, Sc éco&gest, Ing gest (Char‑Jour)",https://hplanning2016.umons.ac.be/Telechargements/ical/EdT_BAB1_en_Sc_gest__Sc_eco_gest__Ing_gest__Char_Jour_.ics?version=14.0.2.5&idICal=6A3481BF553E441504943E70AF84D4D7&param=643d5b312e2e36325d2666683d3126663d3131303030
"BAB1 en Sc gest., Sc éco & gest., Ing. gest.",https://hplanning2016.umons.ac.be/Telechargements/ical/EdT_BAB1_en_Sc_gest___Sc_eco___gest___Ing__gest_.ics?version=14.0.2.5&idICal=1DF9D29D13CCFDE128E4181E379C6FEC&param=643d5b312e2e36325d2666683d3126663d3131303030
"BAB1 en sc psycho et de l'éduc, or gén",https://hplanning2016.umons.ac.be/Telechargements/ical/EdT_BAB1_en_sc_psycho_et_de_l_educ__or_gen.ics?version=14.0.2.5&idICal=D4EFF22488997E63DDB08444CD816F08&param=643d5b312e2e36325d2666683d3126663d3131303030
"BAB1 en sc psycho et de l'éduc, or gén (Char)",https://hplanning2016.umons.ac.be/Telechargements/ical/EdT_BAB1_en_sc_psycho_et_de_l_educ__or_gen__Char_.ics?version=14.0.2.5&idICal=E163513CA23367AAB2DB047A6B69C092&param=643d5b312e2e36325d2666683d3126663d3131303030
"BAB1 en sc psycho et de l'éduc, or logo",https://hplanning2016.umons.ac.be/Telechargements/ical/EdT_BAB1_en_sc_psycho_et_de_l_educ__or_logo.ics?version=14.0.2.5&idICal=EC8B377DEDD27CD65417011639535FD8&param=643d5b312e2e36325d2666683d3126663d3131303030
BAB1 en sc. biologiques,https://hplanning2016.umons.ac.be/Telechargements/ical/EdT_BAB1_en_sc__biologiques.ics?version=14.0.2.5&idICal=C97A68B97FFE92E2C50B7716AEC812DD&param=643d5b312e2e36325d2666683d3126663d3131303030
BAB1 en sc. chimiques,https://hplanning2016.umons.ac.be/Telechargements/ical/EdT_BAB1_en_sc__chimiques.ics?version=14.0.2.5&idICal=5ADCCA5EEDE3DA10CC2BA75F74AC5D65&param=643d5b312e2e36325d2666683d3126663d3131303030
BAB1 en sc. informatiques,https://hplanning2016.umons.ac.be/Telechargements/ical/EdT_BAB1_en_sc__informatiques.ics?version=14.0.2.5&idICal=0761D18EE9E46515176D24076096B534&param=643d5b312e2e36325d2666683d3126663d3131303030
BAB1 en sc. mathématiques,https://hplanning2016.umons.ac.be/Telechargements/ical/EdT_BAB1_en_sc__mathematiques.ics?version=14.0.2.5&idICal=BE9635E714C55DCBD625DD5CD932BDFC&param=643d5b312e2e36325d2666683d3126663d3131303030
BAB1 en sc. physiques,https://hplanning2016.umons.ac.be/Telechargements/ical/EdT_BAB1_en_sc__physiques.ics?version=14.0.2.5&idICal=F6119C06BDE03E0B77A758823D4919AB&param=643d5b312e2e36325d2666683d3126663d3131303030
BAB1 en sciences biomédicales,https://hplanning2016.umons.ac.be/Telechargements/ical/EdT_BAB1_en_sciences_biomedicales.ics?version=14.0.2.5&idICal=0E5EBF55A5F9144AD0B932057AF5ED9D&param=643d5b312e2e36325d2666683d3126663d3131303030
BAB1 en sciences humaines et sociales,https://hplanning2016.umons.ac.be/Telechargements/ical/EdT_BAB1_en_sciences_humaines_et_sociales.ics?version=14.0.2.5&idICal=2396E9427BB2A12AD4A99B9ACEB46AF4&param=643d5b312e2e36325d2666683d3126663d3131303030
BAB1 en sciences pharmaceutiques,https://hplanning2016.umons.ac.be/Telechargements/ical/EdT_BAB1_en_sciences_pharmaceutiques.ics?version=14.0.2.5&idICal=12BD6129A07D4AB8B13A21A20BB3930D&param=643d5b312e2e36325d2666683d3126663d3131303030
BAB1 en traduction et interprétation,https://hplanning2016.umons.ac.be/Telechargements/ical/EdT_BAB1_en_traduction_et_interpretation.ics?version=14.0.2.5&idICal=D7C50E45690F0DAA5F58CF208A1138BC&param=643d5b312e2e36325d2666683d3126663d3131303030
BAB1 ing civil,https://hplanning2016.umons.ac.be/Telechargements/ical/EdT_BAB1_ing_civil.ics?version=14.0.2.5&idICal=9D7AF0F8387A27D948844AE70A0E4389&param=643d5b312e2e36325d2666683d3126663d3131303030
BAB1 ing civil (Char),https://hplanning2016.umons.ac.be/Telechargements/ical/EdT_BAB1_ing_civil__Char_.ics?version=14.0.2.5&idICal=E744059C53CA69A13EF229D962BDCD6F&param=643d5b312e2e36325d2666683d3126663d3131303030
BAB1 ing civil archi,https://hplanning2016.umons.ac.be/Telechargements/ical/EdT_BAB1_ing_civil_archi.ics?version=14.0.2.5&idICal=6366BC578828006ABD6CBF9DA0E8C035&param=643d5b312e2e36325d2666683d3126663d3131303030
BAB2 en architecture,https://hplanning2016.umons.ac.be/Telechargements/ical/EdT_BAB2_en_architecture.ics?version=14.0.2.5&idICal=2DF098A9BA0670E01C2273EECF3D8D8E&param=643d5b312e2e36325d2666683d3126663d3131303030
BAB2 en droit,https://hplanning2016.umons.ac.be/Telechargements/ical/EdT_BAB2_en_droit.ics?version=14.0.2.5&idICal=860665660E5A485F495F5D1C1EFE7522&param=643d5b312e2e36325d2666683d3126663d3131303030
BAB2 en Ing. de gest.,https://hplanning2016.umons.ac.be/Telechargements/ical/EdT_BAB2_en_Ing__de_gest_.ics?version=14.0.2.5&idICal=9C3AD3138B9A493669CB5E204012C1F9&param=643d5b312e2e36325d2666683d3126663d3131303030
BAB2 en médecine,https://hplanning2016.umons.ac.be/Telechargements/ical/EdT_BAB2_en_medecine.ics?version=14.0.2.5&idICal=5BDE15259F3E3FA788608F94D2B908D2&param=643d5b312e2e36325d2666683d3126663d3131303030
BAB2 en Sc de gest.,https://hplanning2016.umons.ac.be/Telechargements/ical/EdT_BAB2_en_Sc_de_gest_.ics?version=14.0.2.5&idICal=9237540C8283118980E0D79D6369786C&param=643d5b312e2e36325d2666683d3126663d3131303030
BAB2 en Sc éco & gest.,https://hplanning2016.umons.ac.be/Telechargements/ical/EdT_BAB2_en_Sc_eco___gest_.ics?version=14.0.2.5&idICal=8BBDA03F51DAD895938A26272B5ACC09&param=643d5b312e2e36325d2666683d3126663d3131303030
"BAB2 en sc psycho et de l'éduc, or gén",https://hplanning2016.umons.ac.be/Telechargements/ical/EdT_BAB2_en_sc_psycho_et_de_l_educ__or_gen.ics?version=14.0.2.5&idICal=9A071B720194C34923F328A107D919D3&param=643d5b312e2e36325d2666683d3126663d3131303030
"BAB2 en sc psycho et de l'éduc, or gén (Char)",https://hplanning2016.umons.ac.be/Telechargements/ical/EdT_BAB2_en_sc_psycho_et_de_l_educ__or_gen__Char_.ics?version=14.0.2.5&idICal=EC718FD68FDC78D1D23C635AD6E22982&param=643d5b312e2e36325d2666683d3126663d3131303030
"BAB2 en sc psycho et de l'éduc, or logo",https://hplanning2016.umons.ac.be/Telechargements/ical/EdT_BAB2_en_sc_psycho_et_de_l_educ__or_logo.ics?version=14.0.2.5&idICal=4D31E65D179A5208F518B8E7BDCA7A0F&param=643d5b312e2e36325d2666683d3126663d3131303030
BAB2 en sc. biologiques,https://hplanning2016.umons.ac.be/Telechargements/ical/EdT_BAB2_en_sc__biologiques.ics?version=14.0.2.5&idICal=399F4B46FEAD9F6A3172E9E01BECD01C&param=643d5b312e2e36325d2666683d3126663d3131303030
BAB2 en sc. chimiques,https://hplanning2016.umons.ac.be/Telechargements/ical/EdT_BAB2_en_sc__chimiques.ics?version=14.0.2.5&idICal=8B8BF764D1F6B3855928973642C50B5D&param=643d5b312e2e36325d2666683d3126663d3131303030
BAB2 en sc. informatiques,https://hplanning2016.umons.ac.be/Telechargements/ical/EdT_BAB2_en_sc__informatiques.ics?version=14.0.2.5&idICal=D776D75D768BE5446AF26ACE911A814C&param=643d5b312e2e36325d2666683d3126663d3131303030
BAB2 en sc. mathématiques,https://hplanning2016.umons.ac.be/Telechargements/ical/EdT_BAB2_en_sc__mathematiques.ics?version=14.0.2.5&idICal=7868E54D0835E06C22FE910C29958570&param=643d5b312e2e36325d2666683d3126663d3131303030
BAB2 en sc. physiques,https://hplanning2016.umons.ac.be/Telechargements/ical/EdT_BAB2_en_sc__physiques.ics?version=14.0.2.5&idICal=88263CE8FAE5B996DCF614AE6E262ACC&param=643d5b312e2e36325d2666683d3126663d3131303030
BAB2 en sciences biomédicales,https://hplanning2016.umons.ac.be/Telechargements/ical/EdT_BAB2_en_sciences_biomedicales.ics?version=14.0.2.5&idICal=7A23AB00010287B940F968E90D91E519&param=643d5b312e2e36325d2666683d3126663d3131303030
BAB2 en sciences de gestion (Char‑Jour),https://hplanning2016.umons.ac.be/Telechargements/ical/EdT_BAB2_en_sciences_de_gestion__Char_Jour_.ics?version=14.0.2.5&idICal=8749AAFD65F8ECE4DD58ED063987CBE8&param=643d5b312e2e36325d2666683d3126663d3131303030
BAB2 en sciences humaines et sociales,https://hplanning2016.umons.ac.be/Telechargements/ical/EdT_BAB2_en_sciences_humaines_et_sociales.ics?version=14.0.2.5&idICal=8E1F2A32D7CA9C065D4454B9BE7D4D13&param=643d5b312e2e36325d2666683d3126663d3131303030
BAB2 en sciences pharmaceutiques,https://hplanning2016.umons.ac.be/Telechargements/ical/EdT_BAB2_en_sciences_pharmaceutiques.ics?version=14.0.2.5&idICal=C71B84666F68A12C8D897A8F3CAAEA1A&param=643d5b312e2e36325d2666683d3126663d3131303030
BAB2 en traduction et interprétation,https://hplanning2016.umons.ac.be/Telechargements/ical/EdT_BAB2_en_traduction_et_interpretation.ics?version=14.0.2.5&idICal=0190D3E913217BF430C2E4EEDD3AC7D0&param=643d5b312e2e36325d2666683d3126663d3131303030
BAB2 ing civil,https://hplanning2016.umons.ac.be/Telechargements/ical/EdT_BAB2_ing_civil.ics?version=14.0.2.5&idICal=B04A01311449E2D6C6A82DDE639057F1&param=643d5b312e2e36325d2666683d3126663d3131303030
BAB2 ing civil archi,https://hplanning2016.umons.ac.be/Telechargements/ical/EdT_BAB2_ing_civil_archi.ics?version=14.0.2.5&idICal=8B0D1F7A2258A5E5461B1D62F3065B23&param=643d5b312e2e36325d2666683d3126663d3131303030
BAB3 en architecture,https://hplanning2016.umons.ac.be/Telechargements/ical/EdT_BAB3_en_architecture.ics?version=14.0.2.5&idICal=5B0E46B5ABBA8BDEF25978B8A63A6581&param=643d5b312e2e36325d2666683d3126663d3131303030
BAB3 en droit,https://hplanning2016.umons.ac.be/Telechargements/ical/EdT_BAB3_en_droit.ics?version=14.0.2.5&idICal=3C88010AF8C5BF124320FEC645AD5F80&param=643d5b312e2e36325d2666683d3126663d3131303030
BAB3 en Ing. de gest.,https://hplanning2016.umons.ac.be/Telechargements/ical/EdT_BAB3_en_Ing__de_gest_.ics?version=14.0.2.5&idICal=628F5F6D5EB20A013BCD425DAD2C6637&param=643d5b312e2e36325d2666683d3126663d3131303030
BAB3 en médecine,https://hplanning2016.umons.ac.be/Telechargements/ical/EdT_BAB3_en_medecine.ics?version=14.0.2.5&idICal=E10690778C392510F453C4D91CA9DD2C&param=643d5b312e2e36325d2666683d3126663d3131303030
BAB3 en Sc de gest.,https://hplanning2016.umons.ac.be/Telechargements/ical/EdT_BAB3_en_Sc_de_gest_.ics?version=14.0.2.5&idICal=C59F4AA8CF975AE6BF9DF822D03B0EA8&param=643d5b312e2e36325d2666683d3126663d3131303030
BAB3 en Sc éco & gest.,https://hplanning2016.umons.ac.be/Telechargements/ical/EdT_BAB3_en_Sc_eco___gest_.ics?version=14.0.2.5&idICal=D883CCDB3953F6C90D338673FCD11592&param=643d5b312e2e36325d2666683d3126663d3131303030
"BAB3 en sc psycho et de l'éduc, or gén",https://hplanning2016.umons.ac.be/Telechargements/ical/EdT_BAB3_en_sc_psycho_et_de_l_educ__or_gen.ics?version=14.0.2.5&idICal=1DAD9E9760E87B8C3E30B063C57F18F2&param=643d5b312e2e36325d2666683d3126663d3131303030
"BAB3 en sc psycho et de l'éduc, or gén (Char)",https://hplanning2016.umons.ac.be/Telechargements/ical/EdT_BAB3_en_sc_psycho_et_de_l_educ__or_gen__Char_.ics?version=14.0.2.5&idICal=A9FDA2992282BA938056743C8D37A1F4&param=643d5b312e2e36325d2666683d3126663d3131303030
"BAB3 en sc psycho et de l'éduc, or logo",https://hplanning2016.umons.ac.be/Telechargements/ical/EdT_BAB3_en_sc_psycho_et_de_l_educ__or_logo.ics?version=14.0.2.5&idICal=3E4DC0D347FECE54E9888667F94DE487&param=643d5b312e2e36325d2666683d3126663d3131303030
BAB3 en sc. biologiques,https://hplanning2016.umons.ac.be/Telechargements/ical/EdT_BAB3_en_sc__biologiques.ics?version=14.0.2.5&idICal=716AF737C09930E775C98B6AE0E95252&param=643d5b312e2e36325d2666683d3126663d3131303030
BAB3 en sc. chimiques,https://hplanning2016.umons.ac.be/Telechargements/ical/EdT_BAB3_en_sc__chimiques.ics?version=14.0.2.5&idICal=C0A9ABC9DC897C52FB5E549E38C89812&param=643d5b312e2e36325d2666683d3126663d3131303030
BAB3 en sc. informatiques,https://hplanning2016.umons.ac.be/Telechargements/ical/EdT_BAB3_en_sc__informatiques.ics?version=14.0.2.5&idICal=25E194347836BA018B9B89909874DCA5&param=643d5b312e2e36325d2666683d3126663d3131303030
BAB3 en sc. mathématiques,https://hplanning2016.umons.ac.be/Telechargements/ical/EdT_BAB3_en_sc__mathematiques.ics?version=14.0.2.5&idICal=E11C6AA1BC16EF1A848E4143B6A51427&param=643d5b312e2e36325d2666683d3126663d3131303030
BAB3 en sc. physiques,https://hplanning2016.umons.ac.be/Telechargements/ical/EdT_BAB3_en_sc__physiques.ics?version=14.0.2.5&idICal=7010844AC3A77B2FE66CDFA6562E02D7&param=643d5b312e2e36325d2666683d3126663d3131303030
BAB3 en sciences biomédicales,https://hplanning2016.umons.ac.be/Telechargements/ical/EdT_BAB3_en_sciences_biomedicales.ics?version=14.0.2.5&idICal=3F170D7200D0D1F37F9D266CD31B99A8&param=643d5b312e2e36325d2666683d3126663d3131303030
BAB3 en sciences de gestion (Char‑Jour),https://hplanning2016.umons.ac.be/Telechargements/ical/EdT_BAB3_en_sciences_de_gestion__Char_Jour_.ics?version=14.0.2.5&idICal=8F5CCE3AA40FFDFA0F425166882D1EA1&param=643d5b312e2e36325d2666683d3126663d3131303030
BAB3 en sciences humaines et sociales,https://hplanning2016.umons.ac.be/Telechargements/ical/EdT_BAB3_en_sciences_humaines_et_sociales.ics?version=14.0.2.5&idICal=7B10FF8EE7C74721A41E7A41522801EE&param=643d5b312e2e36325d2666683d3126663d3131303030
BAB3 en sciences pharmaceutiques,https://hplanning2016.umons.ac.be/Telechargements/ical/EdT_BAB3_en_sciences_pharmaceutiques.ics?version=14.0.2.5&idICal=FD4D31E23A3CB32EB6F466796EDE9F04&param=643d5b312e2e36325d2666683d3126663d3131303030
BAB3 en traduction et interprétation,https://hplanning2016.umons.ac.be/Telechargements/ical/EdT_BAB3_en_traduction_et_interpretation.ics?version=14.0.2.5&idICal=FB79C11AE0B5E93D656022C7E1736C9D&param=643d5b312e2e36325d2666683d3126663d3131303030
BAB3 ing civil,https://hplanning2016.umons.ac.be/Telechargements/ical/EdT_BAB3_ing_civil.ics?version=14.0.2.5&idICal=547D4278B51BC3FC1390EE17D8137533&param=643d5b312e2e36325d2666683d3126663d3131303030
BAB3 ing civil archi,https://hplanning2016.umons.ac.be/Telechargements/ical/EdT_BAB3_ing_civil_archi.ics?version=14.0.2.5&idICal=7CC26927297538A12C4B6BC65DAB71B3&param=643d5b312e2e36325d2666683d3126663d3131303030
Bloc complémentaire MA 1 Info,https://hplanning2016.umons.ac.be/Telechargements/ical/EdT_Bloc_complementaire_MA_1_Info.ics?version=14.0.2.5&idICal=FD9359EA644C91D7986857F73C12D3AD&param=643d5b312e2e36325d2666683d3126663d3131303030
Bloc complémentaire MA 60 Info (Char),https://hplanning2016.umons.ac.be/Telechargements/ical/EdT_Bloc_complementaire_MA_60_Info__Char_.ics?version=14.0.2.5&idICal=C75FC5C7432A33D27ABAD757549BF854&param=643d5b312e2e36325d2666683d3126663d3131303030
Bloc complémentaire MA SG,https://hplanning2016.umons.ac.be/Telechargements/ical/EdT_Bloc_complementaire_MA_SG.ics?version=14.0.2.5&idICal=7D07B10F7148CC53005CBDF976F1235D&param=643d5b312e2e36325d2666683d3126663d3131303030
Bloc complémentaire MA SG (Char),https://hplanning2016.umons.ac.be/Telechargements/ical/EdT_Bloc_complementaire_MA_SG__Char_.ics?version=14.0.2.5&idICal=F9FEBA29D63DEAFEB1A41D61FF0CED77&param=643d5b312e2e36325d2666683d3126663d3131303030
Bloc complémentaire MPES,https://hplanning2016.umons.ac.be/Telechargements/ical/EdT_Bloc_complementaire_MPES.ics?version=14.0.2.5&idICal=0C76456F87E61E11B85A7A665EE37B04&param=643d5b312e2e36325d2666683d3126663d3131303030
CAPAES (sc psycho et de l'éducation) non porteurs,https://hplanning2016.umons.ac.be/Telechargements/ical/EdT_CAPAES__sc_psycho_et_de_l_education__non_porteurs.ics?version=14.0.2.5&idICal=B8497D8F507D73324FED49AFA364D6BD&param=643d5b312e2e36325d2666683d3126663d3131303030
CAPAES (sc psycho et de l'éducation) porteurs,https://hplanning2016.umons.ac.be/Telechargements/ical/EdT_CAPAES__sc_psycho_et_de_l_education__porteurs.ics?version=14.0.2.5&idICal=F391E530CB28C1FF8A37851592F9F038&param=643d5b312e2e36325d2666683d3126663d3131303030
CAPAES (sciences écon et de gest) porteurs,https://hplanning2016.umons.ac.be/Telechargements/ical/EdT_CAPAES__sciences_econ_et_de_gest__porteurs.ics?version=14.0.2.5&idICal=D3ACB60DA67B01D4CDEC0740CD1A1EBC&param=643d5b312e2e36325d2666683d3126663d3131303030
CAPAES (sciences écono et de gest),https://hplanning2016.umons.ac.be/Telechargements/ical/EdT_CAPAES__sciences_econo_et_de_gest_.ics?version=14.0.2.5&idICal=9E895132A0F70E27597906CD5A441F52&param=643d5b312e2e36325d2666683d3126663d3131303030
CAPAES (sciences éconos et de gest) non porteurs,https://hplanning2016.umons.ac.be/Telechargements/ical/EdT_CAPAES__sciences_econos_et_de_gest__non_porteurs.ics?version=14.0.2.5&idICal=90C5F651257531338AF15A51E28D802C&param=643d5b312e2e36325d2666683d3126663d3131303030
CAPAES (sciences) non porteurs,https://hplanning2016.umons.ac.be/Telechargements/ical/EdT_CAPAES__sciences__non_porteurs.ics?version=14.0.2.5&idICal=5D53DCC2E691F53A62248CC34D471E96&param=643d5b312e2e36325d2666683d3126663d3131303030
CAPAES (sciences) porteurs,https://hplanning2016.umons.ac.be/Telechargements/ical/EdT_CAPAES__sciences__porteurs.ics?version=14.0.2.5&idICal=7E5AA5FB3089E8035709DF805E962669&param=643d5b312e2e36325d2666683d3126663d3131303030
CU Aspects avancés systèmes logiciels (HD,https://hplanning2016.umons.ac.be/Telechargements/ical/EdT_CU_Aspects_avances_systemes_logiciels__HD.ics?version=14.0.2.5&idICal=DB035C1E5D479B8FD5B140DC8CDE1665&param=643d5b312e2e36325d2666683d3126663d3131303030
CU Aspects avancés systèmes logiciels (HJ,https://hplanning2016.umons.ac.be/Telechargements/ical/EdT_CU_Aspects_avances_systemes_logiciels__HJ.ics?version=14.0.2.5&idICal=0C44857B7647C085401B39A407A462DF&param=643d5b312e2e36325d2666683d3126663d3131303030
CU Audit,https://hplanning2016.umons.ac.be/Telechargements/ical/EdT_CU_Audit.ics?version=14.0.2.5&idICal=93690FBF9369EFD3B46B544B965406D9&param=643d5b312e2e36325d2666683d3126663d3131303030
CU Bases en économie,https://hplanning2016.umons.ac.be/Telechargements/ical/EdT_CU_Bases_en_economie.ics?version=14.0.2.5&idICal=394231F9111C94DF2766A8D1FC340E96&param=643d5b312e2e36325d2666683d3126663d3131303030
CU Bases en finance,https://hplanning2016.umons.ac.be/Telechargements/ical/EdT_CU_Bases_en_finance.ics?version=14.0.2.5&idICal=D6CD35E5271DAB913933CD3483D59677&param=643d5b312e2e36325d2666683d3126663d3131303030
CU Bases en Management et Marketing,https://hplanning2016.umons.ac.be/Telechargements/ical/EdT_CU_Bases_en_Management_et_Marketing.ics?version=14.0.2.5&idICal=9353F5BE2934C99BF8105B0FBF3322F3&param=643d5b312e2e36325d2666683d3126663d3131303030
CU Biologie marine,https://hplanning2016.umons.ac.be/Telechargements/ical/EdT_CU_Biologie_marine.ics?version=14.0.2.5&idICal=7B802E3F741A6B81B9D350102E323C2B&param=643d5b312e2e36325d2666683d3126663d3131303030
CU CSD,https://hplanning2016.umons.ac.be/Telechargements/ical/EdT_CU_CSD.ics?version=14.0.2.5&idICal=073CAE3E5ADB69DB1E925E06F5879CAC&param=643d5b312e2e36325d2666683d3126663d3131303030
CU CSMETA,https://hplanning2016.umons.ac.be/Telechargements/ical/EdT_CU_CSMETA.ics?version=14.0.2.5&idICal=F878232A19AF809A6C000B435E263F0C&param=643d5b312e2e36325d2666683d3126663d3131303030
CU CUSHE,https://hplanning2016.umons.ac.be/Telechargements/ical/EdT_CU_CUSHE.ics?version=14.0.2.5&idICal=4C71E0105E431B46D7182B69156F8F75&param=643d5b312e2e36325d2666683d3126663d3131303030
CU Didactique des Langues,https://hplanning2016.umons.ac.be/Telechargements/ical/EdT_CU_Didactique_des_Langues.ics?version=14.0.2.5&idICal=C7BF118DA049594CF3181223BD144661&param=643d5b312e2e36325d2666683d3126663d3131303030
CU Ecodev. Territoires,https://hplanning2016.umons.ac.be/Telechargements/ical/EdT_CU_Ecodev__Territoires.ics?version=14.0.2.5&idICal=3404137C8B9020B6B6CFDD9BEF84F79D&param=643d5b312e2e36325d2666683d3126663d3131303030
CU EM Régulation et contrôle,https://hplanning2016.umons.ac.be/Telechargements/ical/EdT_CU_EM_Regulation_et_controle.ics?version=14.0.2.5&idICal=34BB11ED6C09853248B70EEA2D2D1D4F&param=643d5b312e2e36325d2666683d3126663d3131303030
CU EMEE,https://hplanning2016.umons.ac.be/Telechargements/ical/EdT_CU_EMEE.ics?version=14.0.2.5&idICal=7A1C18FBAFAE02F0A0AEBF7878856EE1&param=643d5b312e2e36325d2666683d3126663d3131303030
CU EMMI,https://hplanning2016.umons.ac.be/Telechargements/ical/EdT_CU_EMMI.ics?version=14.0.2.5&idICal=5F866B147D72F1617E0809C26D5663A4&param=643d5b312e2e36325d2666683d3126663d3131303030
CU en Psychothérapie émotivo‑cognitivo‑comportementale,https://hplanning2016.umons.ac.be/Telechargements/ical/EdT_CU_en_Psychotherapie_emotivo_cognitivo_comportementale.ics?version=14.0.2.5&idICal=7DBADF7EC71578A982493CFF3D27C2B0&param=643d5b312e2e36325d2666683d3126663d3131303030
CU entrepreneuriat et gestion entreprise,https://hplanning2016.umons.ac.be/Telechargements/ical/EdT_CU_entrepreneuriat_et_gestion_entreprise.ics?version=14.0.2.5&idICal=620F6BF24D50E596359BFC9C5D854764&param=643d5b312e2e36325d2666683d3126663d3131303030
CU Finance,https://hplanning2016.umons.ac.be/Telechargements/ical/EdT_CU_Finance.ics?version=14.0.2.5&idICal=D1B9A5A1EE603997D2481FD8E9C458A8&param=643d5b312e2e36325d2666683d3126663d3131303030
CU Finances publiques et fiscalité,https://hplanning2016.umons.ac.be/Telechargements/ical/EdT_CU_Finances_publiques_et_fiscalite.ics?version=14.0.2.5&idICal=161F14A8C6F9E8EA0607205846952418&param=643d5b312e2e36325d2666683d3126663d3131303030
CU fondement de la qualité,https://hplanning2016.umons.ac.be/Telechargements/ical/EdT_CU_fondement_de_la_qualite.ics?version=14.0.2.5&idICal=B74DB61A8478DF1EE370DC054E719527&param=643d5b312e2e36325d2666683d3126663d3131303030
CU gestion internationale,https://hplanning2016.umons.ac.be/Telechargements/ical/EdT_CU_gestion_internationale.ics?version=14.0.2.5&idICal=67F486675F8E2AC58FB9D71FD790CA07&param=643d5b312e2e36325d2666683d3126663d3131303030
CU GIRISS,https://hplanning2016.umons.ac.be/Telechargements/ical/EdT_CU_GIRISS.ics?version=14.0.2.5&idICal=828336CFB5AD36CA5BABB73F92249FBA&param=643d5b312e2e36325d2666683d3126663d3131303030
CU Hauts potentiels,https://hplanning2016.umons.ac.be/Telechargements/ical/EdT_CU_Hauts_potentiels.ics?version=14.0.2.5&idICal=8E7FDAA3831FB9746CC2F9E21B44729C&param=643d5b312e2e36325d2666683d3126663d3131303030
CU Immersion linguistique,https://hplanning2016.umons.ac.be/Telechargements/ical/EdT_CU_Immersion_linguistique.ics?version=14.0.2.5&idICal=5E96CE41F793C02E3B17AC24F876DA61&param=643d5b312e2e36325d2666683d3126663d3131303030
CU Introduction aux systèmes logiciels,https://hplanning2016.umons.ac.be/Telechargements/ical/EdT_CU_Introduction_aux_systemes_logiciels.ics?version=14.0.2.5&idICal=7DB6D45F91ECE5D3043BD7CCF72988FD&param=643d5b312e2e36325d2666683d3126663d3131303030
CU Management environnemental,https://hplanning2016.umons.ac.be/Telechargements/ical/EdT_CU_Management_environnemental.ics?version=14.0.2.5&idICal=8987FFF35316DEC441631121333E586C&param=643d5b312e2e36325d2666683d3126663d3131303030
CU Management non‑marchand,https://hplanning2016.umons.ac.be/Telechargements/ical/EdT_CU_Management_non_marchand.ics?version=14.0.2.5&idICal=E846E0693FFC17A04C1B90963A74857C&param=643d5b312e2e36325d2666683d3126663d3131303030
CU Management RH,https://hplanning2016.umons.ac.be/Telechargements/ical/EdT_CU_Management_RH.ics?version=14.0.2.5&idICal=D3F8224B3A1CDEB0D3AF12AED04E4FDC&param=643d5b312e2e36325d2666683d3126663d3131303030
CU Marketing,https://hplanning2016.umons.ac.be/Telechargements/ical/EdT_CU_Marketing.ics?version=14.0.2.5&idICal=5E1D8E0309A79865BDC0037C63D4EEB5&param=643d5b312e2e36325d2666683d3126663d3131303030
CU Marketing,https://hplanning2016.umons.ac.be/Telechargements/ical/EdT_CU_Marketing.ics?version=14.0.2.5&idICal=0FE6E11D7234793D1B64D5E1B06DB20C&param=643d5b312e2e36325d2666683d3126663d3131303030
CU Mathématiques Computationnelles,https://hplanning2016.umons.ac.be/Telechargements/ical/EdT_CU_Mathematiques_Computationnelles.ics?version=14.0.2.5&idICal=24A8BAE1A6EEFF20A649B44068008DF3&param=643d5b312e2e36325d2666683d3126663d3131303030
CU Mathématiques Computationnelles,https://hplanning2016.umons.ac.be/Telechargements/ical/EdT_CU_Mathematiques_Computationnelles.ics?version=14.0.2.5&idICal=8137EF5576E1ABA5F48E47397795CFB5&param=643d5b312e2e36325d2666683d3126663d3131303030
CU Médiation ‑ Formation de Base,https://hplanning2016.umons.ac.be/Telechargements/ical/EdT_CU_Mediation___Formation_de_Base.ics?version=14.0.2.5&idICal=2DDE9810FE052EFAB86D5E47C4FDFEE7&param=643d5b312e2e36325d2666683d3126663d3131303030
CU Médiation familiale,https://hplanning2016.umons.ac.be/Telechargements/ical/EdT_CU_Mediation_familiale.ics?version=14.0.2.5&idICal=BC247B21F6BC82EAD85303F847BAFEEE&param=643d5b312e2e36325d2666683d3126663d3131303030
CU pédagogie de l'oral,https://hplanning2016.umons.ac.be/Telechargements/ical/EdT_CU_pedagogie_de_l_oral.ics?version=14.0.2.5&idICal=1A37E325CB3EA93AE87837855F492764&param=643d5b312e2e36325d2666683d3126663d3131303030
CU PESU,https://hplanning2016.umons.ac.be/Telechargements/ical/EdT_CU_PESU.ics?version=14.0.2.5&idICal=BE5DD8E1E94B7679166DA3007D3BF77F&param=643d5b312e2e36325d2666683d3126663d3131303030
CU Phonétique,https://hplanning2016.umons.ac.be/Telechargements/ical/EdT_CU_Phonetique.ics?version=14.0.2.5&idICal=53C1A1B28FA139BDAD0BDA79B5AA031E&param=643d5b312e2e36325d2666683d3126663d3131303030
CU Physique nucléaire,https://hplanning2016.umons.ac.be/Telechargements/ical/EdT_CU_Physique_nucleaire.ics?version=14.0.2.5&idICal=901BC929A4ED95651FAB79A16F0C121C&param=643d5b312e2e36325d2666683d3126663d3131303030
CU Physique subnucléaire,https://hplanning2016.umons.ac.be/Telechargements/ical/EdT_CU_Physique_subnucleaire.ics?version=14.0.2.5&idICal=56A88AFFB2F6A5F990BC55773F182538&param=643d5b312e2e36325d2666683d3126663d3131303030
CU Sciences Animaux de Laboratoire,https://hplanning2016.umons.ac.be/Telechargements/ical/EdT_CU_Sciences_Animaux_de_Laboratoire.ics?version=14.0.2.5&idICal=44CE028344D6513F42748DC37D4F94D0&param=643d5b312e2e36325d2666683d3126663d3131303030
CU Stratégie en Management et Marketing,https://hplanning2016.umons.ac.be/Telechargements/ical/EdT_CU_Strategie_en_Management_et_Marketing.ics?version=14.0.2.5&idICal=475E7C0516595649743D066DC6642F34&param=643d5b312e2e36325d2666683d3126663d3131303030
CU Stratégies financières,https://hplanning2016.umons.ac.be/Telechargements/ical/EdT_CU_Strategies_financieres.ics?version=14.0.2.5&idICal=B8843D05FBE0BEE86EF6E28D0129FF73&param=643d5b312e2e36325d2666683d3126663d3131303030
MA60 en sc de gestion,https://hplanning2016.umons.ac.be/Telechargements/ical/EdT_MA60_en_sc_de_gestion.ics?version=14.0.2.5&idICal=6BB0DBA3F1491DC87B83D9A23776FD8C&param=643d5b312e2e36325d2666683d3126663d3131303030
MA60 en sc de gestion (Char‑Décalé),https://hplanning2016.umons.ac.be/Telechargements/ical/EdT_MA60_en_sc_de_gestion__Char_Decale_.ics?version=14.0.2.5&idICal=8C9E49E88E348D56B7685EE6B40168D6&param=643d5b312e2e36325d2666683d3126663d3131303030
MA60 en sciences informatiques,https://hplanning2016.umons.ac.be/Telechargements/ical/EdT_MA60_en_sciences_informatiques.ics?version=14.0.2.5&idICal=D70576FB613719904A6FC2DE6188EFE6&param=643d5b312e2e36325d2666683d3126663d3131303030
MA60 en sciences informatiques (Char‑Décalé),https://hplanning2016.umons.ac.be/Telechargements/ical/EdT_MA60_en_sciences_informatiques__Char_Decale_.ics?version=14.0.2.5&idICal=DAD6BD3F8CD640696AE5F8C45A81EBA8&param=643d5b312e2e36325d2666683d3126663d3131303030
MA60 en sciences mathématiques,https://hplanning2016.umons.ac.be/Telechargements/ical/EdT_MA60_en_sciences_mathematiques.ics?version=14.0.2.5&idICal=72A2D4576619C06C1710232FDE53B74E&param=643d5b312e2e36325d2666683d3126663d3131303030
MA60 en sciences physiques,https://hplanning2016.umons.ac.be/Telechargements/ical/EdT_MA60_en_sciences_physiques.ics?version=14.0.2.5&idICal=0CB484EB04F4B610D260DB6A5826D857&param=643d5b312e2e36325d2666683d3126663d3131303030
MA60 en sciences physiques,https://hplanning2016.umons.ac.be/Telechargements/ical/EdT_MA60_en_sciences_physiques.ics?version=14.0.2.5&idICal=54245C2590CE0784E10D8D4B24BD8EE5&param=643d5b312e2e36325d2666683d3126663d3131303030
"MAB1 en architecture, FS Art",https://hplanning2016.umons.ac.be/Telechargements/ical/EdT_MAB1_en_architecture__FS_Art.ics?version=14.0.2.5&idICal=39B31910F9A6ED4CEEE438131513D4F4&param=643d5b312e2e36325d2666683d3126663d3131303030
"MAB1 en architecture, FS Urba",https://hplanning2016.umons.ac.be/Telechargements/ical/EdT_MAB1_en_architecture__FS_Urba.ics?version=14.0.2.5&idICal=F8FF74BA730093DA49BBE013544DAA9F&param=643d5b312e2e36325d2666683d3126663d3131303030
MAB1 en biochimie et bio molécul et cellulaire,https://hplanning2016.umons.ac.be/Telechargements/ical/EdT_MAB1_en_biochimie_et_bio_molecul_et_cellulaire.ics?version=14.0.2.5&idICal=027A0D58153D68552B92D46FEDCDC757&param=643d5b312e2e36325d2666683d3126663d3131303030
MAB1 en biologie des organismes et écologie,https://hplanning2016.umons.ac.be/Telechargements/ical/EdT_MAB1_en_biologie_des_organismes_et_ecologie.ics?version=14.0.2.5&idICal=51A6A3BF5A1533A6CE5BF7DB17D325D6&param=643d5b312e2e36325d2666683d3126663d3131303030
MAB1 en interprétation,https://hplanning2016.umons.ac.be/Telechargements/ical/EdT_MAB1_en_interpretation.ics?version=14.0.2.5&idICal=A62BFEE28FD2FA6ED49BEA046B815808&param=643d5b312e2e36325d2666683d3126663d3131303030
"MAB1 en politique éco et sociale, FS pol.",https://hplanning2016.umons.ac.be/Telechargements/ical/EdT_MAB1_en_politique_eco_et_sociale__FS_pol_.ics?version=14.0.2.5&idICal=E8FB4ABBE34F5FA38ABFABEA4BAF420F&param=643d5b312e2e36325d2666683d3126663d3131303030
"MAB1 en politique éco et sociale, FS prov.",https://hplanning2016.umons.ac.be/Telechargements/ical/EdT_MAB1_en_politique_eco_et_sociale__FS_prov_.ics?version=14.0.2.5&idICal=B458ECF684BD8BBA036C3003E4E8DB45&param=643d5b312e2e36325d2666683d3126663d3131303030
"MAB1 en politique éco et sociale, FS soc.",https://hplanning2016.umons.ac.be/Telechargements/ical/EdT_MAB1_en_politique_eco_et_sociale__FS_soc_.ics?version=14.0.2.5&idICal=995F4565F499EB26993FF6DEFDAB3220&param=643d5b312e2e36325d2666683d3126663d3131303030
MAB1 en sc biomédicales,https://hplanning2016.umons.ac.be/Telechargements/ical/EdT_MAB1_en_sc_biomedicales.ics?version=14.0.2.5&idICal=F8F44BD62002FA5C8AAF5F3662BCB630&param=643d5b312e2e36325d2666683d3126663d3131303030
MAB1 en sc biomédicales FA,https://hplanning2016.umons.ac.be/Telechargements/ical/EdT_MAB1_en_sc_biomedicales_FA.ics?version=14.0.2.5&idICal=FC71B0E006ACAF12BC11D2B84D9E429D&param=643d5b312e2e36325d2666683d3126663d3131303030
MAB1 en sc de gestion  (Char‑Décalé),https://hplanning2016.umons.ac.be/Telechargements/ical/EdT_MAB1_en_sc_de_gestion___Char_Decale_.ics?version=14.0.2.5&idICal=DCE8880015005D0015EA73F5B25D23D0&param=643d5b312e2e36325d2666683d3126663d3131303030
"MAB1 en sc de gestion, FD",https://hplanning2016.umons.ac.be/Telechargements/ical/EdT_MAB1_en_sc_de_gestion__FD.ics?version=14.0.2.5&idICal=A69EE8287E219126DE3D46AB9D8B0850&param=643d5b312e2e36325d2666683d3126663d3131303030
"MAB1 en sc de gestion, FS",https://hplanning2016.umons.ac.be/Telechargements/ical/EdT_MAB1_en_sc_de_gestion__FS.ics?version=14.0.2.5&idICal=25DBFD2D7738B70E705E2711445F5C9D&param=643d5b312e2e36325d2666683d3126663d3131303030
"MAB1 en sc de l'éducation, FS enseign",https://hplanning2016.umons.ac.be/Telechargements/ical/EdT_MAB1_en_sc_de_l_education__FS_enseign.ics?version=14.0.2.5&idICal=67C20C2B2F58C3C4EE2DE548DCCD4AB6&param=643d5b312e2e36325d2666683d3126663d3131303030
"MAB1 en sc de l'éducation, FS enseign (Char‑Décalé",https://hplanning2016.umons.ac.be/Telechargements/ical/EdT_MAB1_en_sc_de_l_education__FS_enseign__Char_Decale.ics?version=14.0.2.5&idICal=A5B247FA6564EAEA2393087915E1414C&param=643d5b312e2e36325d2666683d3126663d3131303030
"MAB1 en sc de l'éducation, FS ortho",https://hplanning2016.umons.ac.be/Telechargements/ical/EdT_MAB1_en_sc_de_l_education__FS_ortho.ics?version=14.0.2.5&idICal=872C29B581FC4889BA706D56665EDE1B&param=643d5b312e2e36325d2666683d3126663d3131303030
"MAB1 en sc de l'éducation, FS ortho (Char‑Décalé)",https://hplanning2016.umons.ac.be/Telechargements/ical/EdT_MAB1_en_sc_de_l_education__FS_ortho__Char_Decale_.ics?version=14.0.2.5&idICal=E8E8D81546FA0A7B58F44B6D5DB9A908&param=643d5b312e2e36325d2666683d3126663d3131303030
"MAB1 en sc de l'éducation, FS techn",https://hplanning2016.umons.ac.be/Telechargements/ical/EdT_MAB1_en_sc_de_l_education__FS_techn.ics?version=14.0.2.5&idICal=4F11B2EBE0BEA5C26DB63313280DB909&param=643d5b312e2e36325d2666683d3126663d3131303030
"MAB1 en sc de l'éducation, FS techn (Char‑Décalé)",https://hplanning2016.umons.ac.be/Telechargements/ical/EdT_MAB1_en_sc_de_l_education__FS_techn__Char_Decale_.ics?version=14.0.2.5&idICal=A6828572FD669BEBF6994B7419298613&param=643d5b312e2e36325d2666683d3126663d3131303030
"MAB1 en sc psychologiques, FA",https://hplanning2016.umons.ac.be/Telechargements/ical/EdT_MAB1_en_sc_psychologiques__FA.ics?version=14.0.2.5&idICal=031B4674418C4D599969E3FF199C5D89&param=643d5b312e2e36325d2666683d3126663d3131303030
"MAB1 en sc psychologiques, FS",https://hplanning2016.umons.ac.be/Telechargements/ical/EdT_MAB1_en_sc_psychologiques__FS.ics?version=14.0.2.5&idICal=9975DBC7A5502BFACEB25703143863BC&param=643d5b312e2e36325d2666683d3126663d3131303030
MAB1 en sciences chimiques,https://hplanning2016.umons.ac.be/Telechargements/ical/EdT_MAB1_en_sciences_chimiques.ics?version=14.0.2.5&idICal=8817F4F46DB41E583E54459C5C2C1C34&param=643d5b312e2e36325d2666683d3126663d3131303030
MAB1 en sciences informatiques,https://hplanning2016.umons.ac.be/Telechargements/ical/EdT_MAB1_en_sciences_informatiques.ics?version=14.0.2.5&idICal=62D440CE16094F1AFE6CFB4C053C5E2C&param=643d5b312e2e36325d2666683d3126663d3131303030
MAB1 en sciences informatiques,https://hplanning2016.umons.ac.be/Telechargements/ical/EdT_MAB1_en_sciences_informatiques.ics?version=14.0.2.5&idICal=A097938FBB514A95024E7B83557D101A&param=643d5b312e2e36325d2666683d3126663d3131303030
"MAB1 en sciences informatiques, FS  (Char‑Décalé)",https://hplanning2016.umons.ac.be/Telechargements/ical/EdT_MAB1_en_sciences_informatiques__FS___Char_Decale_.ics?version=14.0.2.5&idICal=FDF529B277D3FFB6B078AAFCF92C57B4&param=643d5b312e2e36325d2666683d3126663d3131303030
"MAB1 en sciences mathématiques, FA",https://hplanning2016.umons.ac.be/Telechargements/ical/EdT_MAB1_en_sciences_mathematiques__FA.ics?version=14.0.2.5&idICal=C16CCBF2F5D2E0FE398916B7A03CDD21&param=643d5b312e2e36325d2666683d3126663d3131303030
"MAB1 en sciences mathématiques, FD",https://hplanning2016.umons.ac.be/Telechargements/ical/EdT_MAB1_en_sciences_mathematiques__FD.ics?version=14.0.2.5&idICal=B78C3638020AA97DD738090739D7A520&param=643d5b312e2e36325d2666683d3126663d3131303030
"MAB1 en sciences mathématiques, FS Fina",https://hplanning2016.umons.ac.be/Telechargements/ical/EdT_MAB1_en_sciences_mathematiques__FS_Fina.ics?version=14.0.2.5&idICal=EB15F33F535B2A55A0EEB6F32B61DBDD&param=643d5b312e2e36325d2666683d3126663d3131303030
"MAB1 en sciences mathématiques, FS Info",https://hplanning2016.umons.ac.be/Telechargements/ical/EdT_MAB1_en_sciences_mathematiques__FS_Info.ics?version=14.0.2.5&idICal=A691E022932E45A21130F06E68386675&param=643d5b312e2e36325d2666683d3126663d3131303030
"MAB1 en sciences physiques, FA",https://hplanning2016.umons.ac.be/Telechargements/ical/EdT_MAB1_en_sciences_physiques__FA.ics?version=14.0.2.5&idICal=AA4237090A905E6010D86A90A828A0A8&param=643d5b312e2e36325d2666683d3126663d3131303030
"MAB1 en sciences physiques, FD",https://hplanning2016.umons.ac.be/Telechargements/ical/EdT_MAB1_en_sciences_physiques__FD.ics?version=14.0.2.5&idICal=F71579430DC3FEF6F70B759DAF270497&param=643d5b312e2e36325d2666683d3126663d3131303030
MAB1 en traduction Fin. Sp. inter.,https://hplanning2016.umons.ac.be/Telechargements/ical/EdT_MAB1_en_traduction_Fin__Sp__inter_.ics?version=14.0.2.5&idICal=7F1B6A013EF3C68C5BC3E28AC795BBC8&param=643d5b312e2e36325d2666683d3126663d3131303030
MAB1 en traduction Fin. Sp. Multi,https://hplanning2016.umons.ac.be/Telechargements/ical/EdT_MAB1_en_traduction_Fin__Sp__Multi.ics?version=14.0.2.5&idICal=B6813FA92E5BFF5CE227F0B9F59CF837&param=643d5b312e2e36325d2666683d3126663d3131303030
MAB1 ing civil architecte,https://hplanning2016.umons.ac.be/Telechargements/ical/EdT_MAB1_ing_civil_architecte.ics?version=14.0.2.5&idICal=E3808F6CA9717EA50A2D341CFEE87C57&param=643d5b312e2e36325d2666683d3126663d3131303030
"MAB1 ing civil chimie SDM, FS PIC",https://hplanning2016.umons.ac.be/Telechargements/ical/EdT_MAB1_ing_civil_chimie_SDM__FS_PIC.ics?version=14.0.2.5&idICal=035977DC70EDC7C8B6EB58E4518FBDA6&param=643d5b312e2e36325d2666683d3126663d3131303030
"MAB1 ing civil chimie SDM, FS SGM",https://hplanning2016.umons.ac.be/Telechargements/ical/EdT_MAB1_ing_civil_chimie_SDM__FS_SGM.ics?version=14.0.2.5&idICal=FD05819CEB91131CFC0FE0613526FF0C&param=643d5b312e2e36325d2666683d3126663d3131303030
"MAB1 ing civil électricien, FS Energie",https://hplanning2016.umons.ac.be/Telechargements/ical/EdT_MAB1_ing_civil_electricien__FS_Energie.ics?version=14.0.2.5&idICal=28EAD099A21C0769666C06A7A7A25AD4&param=643d5b312e2e36325d2666683d3126663d3131303030
"MAB1 ing civil électricien, FS SigSys",https://hplanning2016.umons.ac.be/Telechargements/ical/EdT_MAB1_ing_civil_electricien__FS_SigSys.ics?version=14.0.2.5&idICal=F0891D525F5B2592F816A3B9AFA6DC05&param=643d5b312e2e36325d2666683d3126663d3131303030
"MAB1 ing civil électricien, FS Telecom",https://hplanning2016.umons.ac.be/Telechargements/ical/EdT_MAB1_ing_civil_electricien__FS_Telecom.ics?version=14.0.2.5&idICal=4FED07825E4183B5DAC47C123B310D45&param=643d5b312e2e36325d2666683d3126663d3131303030
MAB1 ing civil informatique et gestion,https://hplanning2016.umons.ac.be/Telechargements/ical/EdT_MAB1_ing_civil_informatique_et_gestion.ics?version=14.0.2.5&idICal=4F857674A2926D12AA2E9A562272955C&param=643d5b312e2e36325d2666683d3126663d3131303030
MAB1 ing civil informatique et gestion (Char),https://hplanning2016.umons.ac.be/Telechargements/ical/EdT_MAB1_ing_civil_informatique_et_gestion__Char_.ics?version=14.0.2.5&idICal=AE47948162C6D1B7BEECFEA2FB254839&param=643d5b312e2e36325d2666683d3126663d3131303030
"MAB1 ing civil mécanicien, FS Génie",https://hplanning2016.umons.ac.be/Telechargements/ical/EdT_MAB1_ing_civil_mecanicien__FS_Genie.ics?version=14.0.2.5&idICal=5C27D4544025C71ABFFE7D980B98AB53&param=643d5b312e2e36325d2666683d3126663d3131303030
"MAB1 ing civil mécanicien, FS Mécatronique",https://hplanning2016.umons.ac.be/Telechargements/ical/EdT_MAB1_ing_civil_mecanicien__FS_Mecatronique.ics?version=14.0.2.5&idICal=AF8D85A16DB1EDB164B4CBB5BC8ABC4B&param=643d5b312e2e36325d2666683d3126663d3131303030
"MAB1 ing civil mécanicien, FS Production",https://hplanning2016.umons.ac.be/Telechargements/ical/EdT_MAB1_ing_civil_mecanicien__FS_Production.ics?version=14.0.2.5&idICal=15F8196A3E30CE2127ACA30BF199628B&param=643d5b312e2e36325d2666683d3126663d3131303030
MAB1 ing civil mines et géologue,https://hplanning2016.umons.ac.be/Telechargements/ical/EdT_MAB1_ing_civil_mines_et_geologue.ics?version=14.0.2.5&idICal=B272F803B5A57E7734AD72A3C4A3F21D&param=643d5b312e2e36325d2666683d3126663d3131303030
MAB1 ingénieur de gestion,https://hplanning2016.umons.ac.be/Telechargements/ical/EdT_MAB1_ingenieur_de_gestion.ics?version=14.0.2.5&idICal=115D6615552DBDAF2927036CA537DC3A&param=643d5b312e2e36325d2666683d3126663d3131303030
"MAB2 en architecture, FS Art",https://hplanning2016.umons.ac.be/Telechargements/ical/EdT_MAB2_en_architecture__FS_Art.ics?version=14.0.2.5&idICal=BA16A34811E909FD9E2E40CB7A3B6321&param=643d5b312e2e36325d2666683d3126663d3131303030
"MAB2 en architecture, FS Transitoire",https://hplanning2016.umons.ac.be/Telechargements/ical/EdT_MAB2_en_architecture__FS_Transitoire.ics?version=14.0.2.5&idICal=0F6C88BBBE496F26E406C9B84CBFA14D&param=643d5b312e2e36325d2666683d3126663d3131303030
"MAB2 en architecture, FS Urba",https://hplanning2016.umons.ac.be/Telechargements/ical/EdT_MAB2_en_architecture__FS_Urba.ics?version=14.0.2.5&idICal=7B953BF30C677144F5B02A51F6839E8C&param=643d5b312e2e36325d2666683d3126663d3131303030
MAB2 en biochimie et bio molécul et cellulaire,https://hplanning2016.umons.ac.be/Telechargements/ical/EdT_MAB2_en_biochimie_et_bio_molecul_et_cellulaire.ics?version=14.0.2.5&idICal=F3143B6C89C3FE8D17EA57260666B380&param=643d5b312e2e36325d2666683d3126663d3131303030
"MAB2 en biochimie et bio molécul et cellulaire, FA",https://hplanning2016.umons.ac.be/Telechargements/ical/EdT_MAB2_en_biochimie_et_bio_molecul_et_cellulaire__FA.ics?version=14.0.2.5&idICal=0372629076223168162113622A0B294A&param=643d5b312e2e36325d2666683d3126663d3131303030
"MAB2 en biochimie et bio molécul et cellulaire, FS",https://hplanning2016.umons.ac.be/Telechargements/ical/EdT_MAB2_en_biochimie_et_bio_molecul_et_cellulaire__FS.ics?version=14.0.2.5&idICal=59164A001230B9D5526D844EF5DC267B&param=643d5b312e2e36325d2666683d3126663d3131303030
MAB2 en biologie des organismes et écologie,https://hplanning2016.umons.ac.be/Telechargements/ical/EdT_MAB2_en_biologie_des_organismes_et_ecologie.ics?version=14.0.2.5&idICal=E42EAEFB6FEC3C6D129C7A2BB73957AB&param=643d5b312e2e36325d2666683d3126663d3131303030
"MAB2 en biologie des organismes et écologie, FA",https://hplanning2016.umons.ac.be/Telechargements/ical/EdT_MAB2_en_biologie_des_organismes_et_ecologie__FA.ics?version=14.0.2.5&idICal=644348A6F09C88063C12255896665FCF&param=643d5b312e2e36325d2666683d3126663d3131303030
"MAB2 en biologie des organismes et écologie, FS",https://hplanning2016.umons.ac.be/Telechargements/ical/EdT_MAB2_en_biologie_des_organismes_et_ecologie__FS.ics?version=14.0.2.5&idICal=B8A7083311B0C28C8DB30397E27D7BF5&param=643d5b312e2e36325d2666683d3126663d3131303030
MAB2 en interprétation,https://hplanning2016.umons.ac.be/Telechargements/ical/EdT_MAB2_en_interpretation.ics?version=14.0.2.5&idICal=8F81AF5646B3FE3312B39E01059D10F5&param=643d5b312e2e36325d2666683d3126663d3131303030
"MAB2 en politique éco et sociale, FS pol.",https://hplanning2016.umons.ac.be/Telechargements/ical/EdT_MAB2_en_politique_eco_et_sociale__FS_pol_.ics?version=14.0.2.5&idICal=361E33DB280C950768103C9EC159A2BE&param=643d5b312e2e36325d2666683d3126663d3131303030
"MAB2 en politique éco et sociale, FS prov.",https://hplanning2016.umons.ac.be/Telechargements/ical/EdT_MAB2_en_politique_eco_et_sociale__FS_prov_.ics?version=14.0.2.5&idICal=92CDF402A94A1FF10520FA773B42DD6F&param=643d5b312e2e36325d2666683d3126663d3131303030
"MAB2 en politique éco et sociale, FS soc.",https://hplanning2016.umons.ac.be/Telechargements/ical/EdT_MAB2_en_politique_eco_et_sociale__FS_soc_.ics?version=14.0.2.5&idICal=D09EFDB72F6AF7B3DA5AFB4A5FAA44D6&param=643d5b312e2e36325d2666683d3126663d3131303030
MAB2 en sc biomédicales,https://hplanning2016.umons.ac.be/Telechargements/ical/EdT_MAB2_en_sc_biomedicales.ics?version=14.0.2.5&idICal=53BEBB9CC2AD551273AD83D47A3FCBEC&param=643d5b312e2e36325d2666683d3126663d3131303030
MAB2 en sc de gestion  (Char‑Décalé),https://hplanning2016.umons.ac.be/Telechargements/ical/EdT_MAB2_en_sc_de_gestion___Char_Decale_.ics?version=14.0.2.5&idICal=A026336B56A261C6B0D66F66A7E9E2A4&param=643d5b312e2e36325d2666683d3126663d3131303030
"MAB2 en sc de gestion, FD",https://hplanning2016.umons.ac.be/Telechargements/ical/EdT_MAB2_en_sc_de_gestion__FD.ics?version=14.0.2.5&idICal=46171BD05B326233BA36E2B3C6975983&param=643d5b312e2e36325d2666683d3126663d3131303030
"MAB2 en sc de gestion, FS",https://hplanning2016.umons.ac.be/Telechargements/ical/EdT_MAB2_en_sc_de_gestion__FS.ics?version=14.0.2.5&idICal=31CE98EDB42C640412196FD41A1FADA3&param=643d5b312e2e36325d2666683d3126663d3131303030
"MAB2 en sc de l'éducation, FS",https://hplanning2016.umons.ac.be/Telechargements/ical/EdT_MAB2_en_sc_de_l_education__FS.ics?version=14.0.2.5&idICal=B2DF557882440A14FDD3339452941FBE&param=643d5b312e2e36325d2666683d3126663d3131303030
"MAB2 en sc de l'éducation, FS (Char‑Décalé)",https://hplanning2016.umons.ac.be/Telechargements/ical/EdT_MAB2_en_sc_de_l_education__FS__Char_Decale_.ics?version=14.0.2.5&idICal=45E990B0D7310424C117D50F6840DDC8&param=643d5b312e2e36325d2666683d3126663d3131303030
"MAB2 en sc de l'éducation, FS enseign",https://hplanning2016.umons.ac.be/Telechargements/ical/EdT_MAB2_en_sc_de_l_education__FS_enseign.ics?version=14.0.2.5&idICal=8F5E3535E8E4F1615B1E5844FA3A5A08&param=643d5b312e2e36325d2666683d3126663d3131303030
"MAB2 en sc de l'éducation, FS enseign (Char‑Décalé",https://hplanning2016.umons.ac.be/Telechargements/ical/EdT_MAB2_en_sc_de_l_education__FS_enseign__Char_Decale.ics?version=14.0.2.5&idICal=20F3C235C4CD874C047A5047E492D70F&param=643d5b312e2e36325d2666683d3126663d3131303030
"MAB2 en sc de l'éducation, FS ortho",https://hplanning2016.umons.ac.be/Telechargements/ical/EdT_MAB2_en_sc_de_l_education__FS_ortho.ics?version=14.0.2.5&idICal=89BB7D780705B15D41F5BD7D192B83F0&param=643d5b312e2e36325d2666683d3126663d3131303030
"MAB2 en sc de l'éducation, FS ortho (Char‑Décalé)",https://hplanning2016.umons.ac.be/Telechargements/ical/EdT_MAB2_en_sc_de_l_education__FS_ortho__Char_Decale_.ics?version=14.0.2.5&idICal=8514BFE38B006D70A529E8DEAE9F8574&param=643d5b312e2e36325d2666683d3126663d3131303030
"MAB2 en sc de l'éducation, FS techn",https://hplanning2016.umons.ac.be/Telechargements/ical/EdT_MAB2_en_sc_de_l_education__FS_techn.ics?version=14.0.2.5&idICal=FFFE6BDD9BD60ED86E525533CABFC61D&param=643d5b312e2e36325d2666683d3126663d3131303030
"MAB2 en sc de l'éducation, FS techn (Char‑Décalé)",https://hplanning2016.umons.ac.be/Telechargements/ical/EdT_MAB2_en_sc_de_l_education__FS_techn__Char_Decale_.ics?version=14.0.2.5&idICal=815BB791AFCEBF5E1A5115724F76C047&param=643d5b312e2e36325d2666683d3126663d3131303030
"MAB2 en sc psychologiques, FA",https://hplanning2016.umons.ac.be/Telechargements/ical/EdT_MAB2_en_sc_psychologiques__FA.ics?version=14.0.2.5&idICal=C62F69C50A9A3224D0E35E608141778D&param=643d5b312e2e36325d2666683d3126663d3131303030
"MAB2 en sc psychologiques, FS",https://hplanning2016.umons.ac.be/Telechargements/ical/EdT_MAB2_en_sc_psychologiques__FS.ics?version=14.0.2.5&idICal=EEFCE914722CDEB68E1B4E125B95A618&param=643d5b312e2e36325d2666683d3126663d3131303030
"MAB2 en sciences chimiques, FA",https://hplanning2016.umons.ac.be/Telechargements/ical/EdT_MAB2_en_sciences_chimiques__FA.ics?version=14.0.2.5&idICal=5B8F064D9FE4F1F7FA75C12C6EC02B11&param=643d5b312e2e36325d2666683d3126663d3131303030
"MAB2 en sciences chimiques, FD",https://hplanning2016.umons.ac.be/Telechargements/ical/EdT_MAB2_en_sciences_chimiques__FD.ics?version=14.0.2.5&idICal=51B43C3348AC9951E105CACDC90F8BE5&param=643d5b312e2e36325d2666683d3126663d3131303030
"MAB2 en sciences chimiques, FS Entreprise",https://hplanning2016.umons.ac.be/Telechargements/ical/EdT_MAB2_en_sciences_chimiques__FS_Entreprise.ics?version=14.0.2.5&idICal=C92654D957815C7EC8CEB4108B15243A&param=643d5b312e2e36325d2666683d3126663d3131303030
"MAB2 en sciences informatiques, FA",https://hplanning2016.umons.ac.be/Telechargements/ical/EdT_MAB2_en_sciences_informatiques__FA.ics?version=14.0.2.5&idICal=8831A1B237A4D12C0EE9CAF7128B74AE&param=643d5b312e2e36325d2666683d3126663d3131303030
"MAB2 en sciences informatiques, FS",https://hplanning2016.umons.ac.be/Telechargements/ical/EdT_MAB2_en_sciences_informatiques__FS.ics?version=14.0.2.5&idICal=7AF291FA7E279057F2DBD38054703F8F&param=643d5b312e2e36325d2666683d3126663d3131303030
"MAB2 en sciences mathématiques, FD",https://hplanning2016.umons.ac.be/Telechargements/ical/EdT_MAB2_en_sciences_mathematiques__FD.ics?version=14.0.2.5&idICal=710527B80C072E2E83ABC007CB3E9AA6&param=643d5b312e2e36325d2666683d3126663d3131303030
"MAB2 en sciences physiques, FA",https://hplanning2016.umons.ac.be/Telechargements/ical/EdT_MAB2_en_sciences_physiques__FA.ics?version=14.0.2.5&idICal=2E43DE36068CB0D61C1437092BE1FBFC&param=643d5b312e2e36325d2666683d3126663d3131303030
"MAB2 en sciences physiques, FD",https://hplanning2016.umons.ac.be/Telechargements/ical/EdT_MAB2_en_sciences_physiques__FD.ics?version=14.0.2.5&idICal=62B672B1D65FDFF16C96D2B778F43C13&param=643d5b312e2e36325d2666683d3126663d3131303030
MAB2 en traduction Fin. Sp. inter.,https://hplanning2016.umons.ac.be/Telechargements/ical/EdT_MAB2_en_traduction_Fin__Sp__inter_.ics?version=14.0.2.5&idICal=13B241AA4A71BEB19BF22648E3A2B92B&param=643d5b312e2e36325d2666683d3126663d3131303030
MAB2 en traduction Fin. Sp. Multi,https://hplanning2016.umons.ac.be/Telechargements/ical/EdT_MAB2_en_traduction_Fin__Sp__Multi.ics?version=14.0.2.5&idICal=AF5EEF8B764F165ADABC80368120B332&param=643d5b312e2e36325d2666683d3126663d3131303030
MAB2 ing civil architecte,https://hplanning2016.umons.ac.be/Telechargements/ical/EdT_MAB2_ing_civil_architecte.ics?version=14.0.2.5&idICal=ECCF01DC2F7DC6401F1ACA64A2CFE882&param=643d5b312e2e36325d2666683d3126663d3131303030
"MAB2 ing civil chimie SDM, FS PIC",https://hplanning2016.umons.ac.be/Telechargements/ical/EdT_MAB2_ing_civil_chimie_SDM__FS_PIC.ics?version=14.0.2.5&idICal=7C68C353FEA02EC6EDE16D95B3552F82&param=643d5b312e2e36325d2666683d3126663d3131303030
"MAB2 ing civil chimie SDM, FS SGM",https://hplanning2016.umons.ac.be/Telechargements/ical/EdT_MAB2_ing_civil_chimie_SDM__FS_SGM.ics?version=14.0.2.5&idICal=911DE7EC59111BCDCC4DE65F7F5AE5B2&param=643d5b312e2e36325d2666683d3126663d3131303030
"MAB2 ing civil électricien, FS Energie",https://hplanning2016.umons.ac.be/Telechargements/ical/EdT_MAB2_ing_civil_electricien__FS_Energie.ics?version=14.0.2.5&idICal=ABAE8E8BB710D6F27DC16E53957A4A75&param=643d5b312e2e36325d2666683d3126663d3131303030
"MAB2 ing civil électricien, FS SigSys",https://hplanning2016.umons.ac.be/Telechargements/ical/EdT_MAB2_ing_civil_electricien__FS_SigSys.ics?version=14.0.2.5&idICal=625A0DF8438E5658312DA65EF5ED1364&param=643d5b312e2e36325d2666683d3126663d3131303030
"MAB2 ing civil électricien, FS Telecom",https://hplanning2016.umons.ac.be/Telechargements/ical/EdT_MAB2_ing_civil_electricien__FS_Telecom.ics?version=14.0.2.5&idICal=75CEC8F4900DB8D1271BDE79C1F02584&param=643d5b312e2e36325d2666683d3126663d3131303030
MAB2 ing civil en informatique et gestion (Cha,https://hplanning2016.umons.ac.be/Telechargements/ical/EdT_MAB2_ing_civil_en_informatique_et_gestion__Cha.ics?version=14.0.2.5&idICal=8E2AAACF0C3B0D98C16E46787DB5C495&param=643d5b312e2e36325d2666683d3126663d3131303030
MAB2 ing civil informatique et gestion,https://hplanning2016.umons.ac.be/Telechargements/ical/EdT_MAB2_ing_civil_informatique_et_gestion.ics?version=14.0.2.5&idICal=16A2C2C612EBAFC22F997D8E087285F4&param=643d5b312e2e36325d2666683d3126663d3131303030
"MAB2 ing civil mécanicien, FS Génie",https://hplanning2016.umons.ac.be/Telechargements/ical/EdT_MAB2_ing_civil_mecanicien__FS_Genie.ics?version=14.0.2.5&idICal=574D102A1894CDA564A24467E603F222&param=643d5b312e2e36325d2666683d3126663d3131303030
"MAB2 ing civil mécanicien, FS Mécatronique",https://hplanning2016.umons.ac.be/Telechargements/ical/EdT_MAB2_ing_civil_mecanicien__FS_Mecatronique.ics?version=14.0.2.5&idICal=1B71D2162DD5D1D457F7FD67E935CBEE&param=643d5b312e2e36325d2666683d3126663d3131303030
"MAB2 ing civil mécanicien, FS Production",https://hplanning2016.umons.ac.be/Telechargements/ical/EdT_MAB2_ing_civil_mecanicien__FS_Production.ics?version=14.0.2.5&idICal=1F8BC7D5974B66FF7B2545A891A0044E&param=643d5b312e2e36325d2666683d3126663d3131303030
MAB2 ing civil mines et géologue,https://hplanning2016.umons.ac.be/Telechargements/ical/EdT_MAB2_ing_civil_mines_et_geologue.ics?version=14.0.2.5&idICal=EDFEEA2882043E53DB5E045F4A909457&param=643d5b312e2e36325d2666683d3126663d3131303030
MAB2 ingénieur de gestion,https://hplanning2016.umons.ac.be/Telechargements/ical/EdT_MAB2_ingenieur_de_gestion.ics?version=14.0.2.5&idICal=DD9E5B5FF10BB4D6556D30C49C564820&param=643d5b312e2e36325d2666683d3126663d3131303030
Mobilité IN ‑ FWEG,https://hplanning2016.umons.ac.be/Telechargements/ical/EdT_Mobilite_IN___FWEG.ics?version=14.0.2.5&idICal=E8806FF8151F0D8DD212AED7671E620F&param=643d5b312e2e36325d2666683d3126663d3131303030
MS gestion des risques et bien‑être,https://hplanning2016.umons.ac.be/Telechargements/ical/EdT_MS_gestion_des_risques_et_bien_etre.ics?version=14.0.2.5&idICal=6B5FDBE7EF2B7300BDB13ACD639A1935&param=643d5b312e2e36325d2666683d3126663d3131303030
MS gestion totale de la qualité,https://hplanning2016.umons.ac.be/Telechargements/ical/EdT_MS_gestion_totale_de_la_qualite.ics?version=14.0.2.5&idICal=53CB37BDE14572CC0358B311EAFEE8DF&param=643d5b312e2e36325d2666683d3126663d3131303030
MS Sc. Lang Comm intercult et interling,https://hplanning2016.umons.ac.be/Telechargements/ical/EdT_MS_Sc__Lang_Comm_intercult_et_interling.ics?version=14.0.2.5&idICal=308F6347D2AC31E642803A8F14FD7010&param=643d5b312e2e36325d2666683d3126663d3131303030
MS Sc. Lang. analyse critique des discours,https://hplanning2016.umons.ac.be/Telechargements/ical/EdT_MS_Sc__Lang__analyse_critique_des_discours.ics?version=14.0.2.5&idICal=DB589EBF1B99D7FEA4DDFAC82715FD9A&param=643d5b312e2e36325d2666683d3126663d3131303030
MS Sc. Lang. Comm & Vivre Esp. Scand.,https://hplanning2016.umons.ac.be/Telechargements/ical/EdT_MS_Sc__Lang__Comm___Vivre_Esp__Scand_.ics?version=14.0.2.5&idICal=B7004EC594A044EC980103DA0277101F&param=643d5b312e2e36325d2666683d3126663d3131303030
MS Sc. Lang. discours philosophique,https://hplanning2016.umons.ac.be/Telechargements/ical/EdT_MS_Sc__Lang__discours_philosophique.ics?version=14.0.2.5&idICal=B32878E87447E8F0C78B4FC1BB3BA4F0&param=643d5b312e2e36325d2666683d3126663d3131303030
MS Sc. Lang. écritures,https://hplanning2016.umons.ac.be/Telechargements/ical/EdT_MS_Sc__Lang__ecritures.ics?version=14.0.2.5&idICal=8F0683F9365D05A154606111F22B268B&param=643d5b312e2e36325d2666683d3126663d3131303030
"MS Sc. Lang. genre, langage et comm.",https://hplanning2016.umons.ac.be/Telechargements/ical/EdT_MS_Sc__Lang__genre__langage_et_comm_.ics?version=14.0.2.5&idICal=441B029451B8CBF68BB06859714D02F6&param=643d5b312e2e36325d2666683d3126663d3131303030
MS Sc. Lang. immersion ling.& disp. enseign.,https://hplanning2016.umons.ac.be/Telechargements/ical/EdT_MS_Sc__Lang__immersion_ling___disp__enseign_.ics?version=14.0.2.5&idICal=40EDE4D5E9053E888B1B944CF006DBC7&param=643d5b312e2e36325d2666683d3126663d3131303030
MS Sc. Lang. médiation technologique,https://hplanning2016.umons.ac.be/Telechargements/ical/EdT_MS_Sc__Lang__mediation_technologique.ics?version=14.0.2.5&idICal=24AE3C1AF2F53BB0187C5528C2AAED17&param=643d5b312e2e36325d2666683d3126663d3131303030
MS Sc. Lang. neuropsycholinguistique,https://hplanning2016.umons.ac.be/Telechargements/ical/EdT_MS_Sc__Lang__neuropsycholinguistique.ics?version=14.0.2.5&idICal=3920B3BD96C3D31290D299E5ABF9FA18&param=643d5b312e2e36325d2666683d3126663d3131303030
MS Sc. Lang. sciences de la parole,https://hplanning2016.umons.ac.be/Telechargements/ical/EdT_MS_Sc__Lang__sciences_de_la_parole.ics?version=14.0.2.5&idICal=5630E6BD31CD239531FE3806BBF4758D&param=643d5b312e2e36325d2666683d3126663d3131303030
MS Sc. Lang. traductologie,https://hplanning2016.umons.ac.be/Telechargements/ical/EdT_MS_Sc__Lang__traductologie.ics?version=14.0.2.5&idICal=CFA96FDB48F72EF37535D419AAB58036&param=643d5b312e2e36325d2666683d3126663d3131303030
Programme complémentaire pour MAPSY,https://hplanning2016.umons.ac.be/Telechargements/ical/EdT_Programme_complementaire_pour_MAPSY.ics?version=14.0.2.5&idICal=7D6C3BB53041D797A1F1ACDCAA226DB0&param=643d5b312e2e36325d2666683d3126663d3131303030
Programme complémentaire pour MASE,https://hplanning2016.umons.ac.be/Telechargements/ical/EdT_Programme_complementaire_pour_MASE.ics?version=14.0.2.5&idICal=8B2F9CF31FA0C450F83B8BAA25F24C16&param=643d5b312e2e36325d2666683d3126663d3131303030
Programme complémentaire pour MASE (Char),https://hplanning2016.umons.ac.be/Telechargements/ical/EdT_Programme_complementaire_pour_MASE__Char_.ics?version=14.0.2.5&idICal=EB63C6B7275138C099A6F90F8FB58812&param=643d5b312e2e36325d2666683d3126663d3131303030
